# CSV-File created with merge-csv.com
# -----------------------------------------------------------

id1,id2,joinKey1,joinKey2,OG-Company-Warn,OG-Company-Nasdaq,jaccard
16611,BJ,"[bj,s,wholesale,club,inc]","[bj,s,wholesale,club,holdings,inc,common,stock]","Bj's Wholesale Club, Inc.",BJ's Wholesale Club Holdings Inc. Common Stock,0.625
17240,DAL,"[delta,air,lines,inc]","[delta,air,lines,inc,common,stock]","Delta Air Lines, Inc.",Delta Air Lines Inc. Common Stock,0.6666666666666666
22642,BLMN,"[bloomin,brands,inc]","[bloomin,brands,inc,common,stock]","Bloomin Brands, Inc.",Bloomin' Brands Inc. Common Stock,0.6
40196,HAIN,"[hain,celestial,group,inc]","[hain,celestial,group,inc,the,common,stock]","Hain Celestial Group, Inc.",Hain Celestial Group Inc. (The) Common Stock,0.5714285714285714
9404,T,"[at,t,communications,inc]","[at,t,inc]","AT&T Communications, Inc.",AT&T Inc.,0.75
32900,FLWS,"[1,800,flowers,com]","[1,800,flowers,com,inc,common,stock]",1-800-flowers.com,1-800-FLOWERS.COM Inc. Common Stock,0.5714285714285714
230,BA,"[the,boeing,company]","[boeing,company,the,common,stock]",THE BOEING COMPANY,Boeing Company (The) Common Stock,0.6
19175,ADVWW,"[advantage,health,solutions,inc]","[advantage,solutions,inc,warrant]","ADVANTAGE Health Solutions, Inc",Advantage Solutions Inc. Warrant,0.6
1973,PBI,"[pitney,bowes,inc]","[pitney,bowes,inc,common,stock]","Pitney Bowes, Inc.",Pitney Bowes Inc. Common Stock,0.6
475,DLA,"[delta,apparel,inc]","[delta,apparel,inc,common,stock]","DELTA APPAREL, INC.",Delta Apparel Inc. Common Stock,0.6
38145,PLAY,"[dave,buster,s,inc]","[dave,buster,s,entertainment,inc,common,stock]","Dave & Buster's, Inc",Dave & Buster's Entertainment Inc. Common Stock,0.5714285714285714
40299,SAVE,"[spirit,airlines,inc]","[spirit,airlines,inc,common,stock]","Spirit Airlines, Inc,",Spirit Airlines Inc. Common Stock,0.6
40311,SAVE,"[spirit,airlines,inc]","[spirit,airlines,inc,common,stock]",Spirit Airlines Inc.,Spirit Airlines Inc. Common Stock,0.6
43347,TMPOW,"[tempo,automation,inc]","[tempo,automation,holdings,inc,warrant]","Tempo Automation, Inc.",Tempo Automation Holdings Inc. Warrant,0.6
10020,MU,"[micron,technology,inc]","[micron,technology,inc,common,stock]","Micron Technology, Inc.",Micron Technology Inc. Common Stock,0.6
15267,KO,"[the,coca,cola,company]","[coca,cola,company,the,common,stock]",The Coca-Cola Company,Coca-Cola Company (The) Common Stock,0.6666666666666666
18983,HAYN,"[haynes,international,inc]","[haynes,international,inc,common,stock]","Haynes International, Inc.",Haynes International Inc. Common Stock,0.6
21315,TROW,"[t,rowe,price,group,inc]","[t,rowe,price,group,inc,common,stock]","T.Rowe Price Group, Inc.",T. Rowe Price Group Inc. Common Stock,0.7142857142857143
24385,GEO,"[the,geo,group]","[geo,group,inc,the,reit]",The Geo Group,Geo Group Inc (The) REIT,0.6
24712,SMP,"[standard,motor,products,inc,smp]","[standard,motor,products,inc,common,stock]","Standard Motor Products, Inc. (SMP)",Standard Motor Products Inc. Common Stock,0.5714285714285714
8583,GPN,"[global,payments,inc]","[global,payments,inc,common,stock]",Global Payments Inc.,Global Payments Inc. Common Stock,0.6
17377,T,"[at,t]","[at,t,inc]",At & T,AT&T Inc.,0.6666666666666666
7280,HON,"[honeywell,international,inc]","[honeywell,international,inc,common,stock]",Honeywell International Inc.,Honeywell International Inc. Common Stock,0.6
18220,MU,"[micron,technology,inc]","[micron,technology,inc,common,stock]",Micron Technology Inc,Micron Technology Inc. Common Stock,0.6
18839,AYI,"[acuity,brands,lighting,inc]","[acuity,brands,inc]","Acuity Brands Lighting, Inc.",Acuity Brands Inc.,0.75
19415,F,"[ford,motor,company]","[ford,motor,company,common,stock]",Ford Motor Company,Ford Motor Company Common Stock,0.6
32159,BHE,"[benchmark,electronics,inc]","[benchmark,electronics,inc,common,stock]",Benchmark Electronics Inc,Benchmark Electronics Inc. Common Stock,0.6
43496,LSF,"[laird,superfood,inc]","[laird,superfood,inc,common,stock]","Laird Superfood, Inc",Laird Superfood Inc. Common Stock,0.6
10222,CAG,"[conagra,brands,inc]","[conagra,brands,inc,common,stock]","Conagra Brands, Inc.",ConAgra Brands Inc. Common Stock,0.6
17726,HVT/A,"[haverty,furniture,companies,inc]","[haverty,furniture,companies,inc]","Haverty Furniture Companies, Inc.",Haverty Furniture Companies Inc.,1.0
19,CVGI,"[commercial,vehicle,group,inc]","[commercial,vehicle,group,inc,common,stock]","Commercial Vehicle Group, Inc",Commercial Vehicle Group Inc. Common Stock,0.6666666666666666
8419,BDX,"[becton,dickinson,and,company]","[becton,dickinson,and,company,common,stock]","Becton, Dickinson and Company",Becton Dickinson and Company Common Stock,0.6666666666666666
36667,JACK,"[jack,in,the,box,inc]","[jack,in,the,box,inc,common,stock]","Jack in the Box, Inc.",Jack In The Box Inc. Common Stock,0.7142857142857143
17561,SON,"[sonoco,products,company]","[sonoco,products,company,common,stock]",Sonoco Products Company,Sonoco Products Company Common Stock,0.6
41202,XOM,"[exxon,mobil,corporation]","[exxon,mobil,corporation,common,stock]",Exxon Mobil Corporation,Exxon Mobil Corporation Common Stock,0.6
36270,SD,"[sandridge,energy,inc]","[sandridge,energy,inc,common,stock]","Sandridge Energy, Inc.",SandRidge Energy Inc. Common Stock,0.6
17878,SEE,"[sealed,air,corporation]","[sealed,air,corporation,common,stock]",Sealed Air Corporation,Sealed Air Corporation Common Stock,0.6
17215,F,"[ford,motor,company]","[ford,motor,company,common,stock]",Ford Motor Company,Ford Motor Company Common Stock,0.6
38343,LFLYW,"[leafly,holdings,inc]","[leafly,holdings,inc,warrant]",Leafly Holdings Inc,Leafly Holdings Inc. Warrant,0.75
9824,JNPR,"[juniper,networks,inc]","[juniper,networks,inc,common,stock]","Juniper Networks, Inc.",Juniper Networks Inc. Common Stock,0.6
26302,BR,"[broadridge,financial,solutions,inc]","[broadridge,financial,solutions,inc,common,stock]","Broadridge Financial Solutions, Inc.",Broadridge Financial Solutions Inc. Common Stock,0.6666666666666666
36669,MLI,"[mueller,industries,inc]","[mueller,industries,inc,common,stock]","Mueller Industries, Inc.",Mueller Industries Inc. Common Stock,0.6
2781,AVNS,"[avanos,medical,inc]","[avanos,medical,inc,common,stock]","Avanos Medical, Inc.",Avanos Medical Inc. Common Stock,0.6
32231,CMCO,"[columbus,mckinnon,corporation]","[columbus,mckinnon,corporation,common,stock]",Columbus McKinnon Corporation,Columbus McKinnon Corporation Common Stock,0.6
6336,TCS,"[the,container,store]","[container,store,the,common,stock]",The Container Store,Container Store (The) Common Stock,0.6
18685,MEI,"[methode,electronics,inc]","[methode,electronics,inc,common,stock]","Methode Electronics, Inc.",Methode Electronics Inc. Common Stock,0.6
19366,F,"[ford,motor,company]","[ford,motor,company,common,stock]",Ford Motor Company,Ford Motor Company Common Stock,0.6
20499,SUP,"[superior,industries,international,inc]","[superior,industries,international,inc,common,stock,de]","Superior Industries International, Inc.",Superior Industries International Inc. Common Stock (DE),0.5714285714285714
2203,NEWR,"[new,relic,inc]","[new,relic,inc,common,stock]","New Relic, Inc.",New Relic Inc. Common Stock,0.6
7116,BBWI,"[bath,body,works]","[bath,body,works,inc]",Bath & Body Works,Bath & Body Works Inc.,0.75
9365,AQMS,"[aqua,metals,inc]","[aqua,metals,inc,common,stock]","Aqua Metals, Inc.",Aqua Metals Inc. Common Stock,0.6
16171,AAP,"[advance,auto,parts]","[advance,auto,parts,inc]",Advance Auto Parts,Advance Auto Parts Inc.,0.75
14671,TROW,"[t,rowe,price,group,inc]","[t,rowe,price,group,inc,common,stock]","T. Rowe Price Group, Inc.",T. Rowe Price Group Inc. Common Stock,0.7142857142857143
19042,WST,"[west,pharmaceutical,services,inc]","[west,pharmaceutical,services,inc,common,stock]","West Pharmaceutical Services, Inc.",West Pharmaceutical Services Inc. Common Stock,0.6666666666666666
40135,JPM,"[jp,morgan,chase,co]","[jp,morgan,chase,co,common,stock]",JP Morgan Chase & Co,JP Morgan Chase & Co. Common Stock,0.6666666666666666
7017,RXDX,"[prometheus,biosciences,inc]","[prometheus,biosciences,inc,common,stock]","Prometheus Biosciences, Inc.",Prometheus Biosciences Inc. Common Stock,0.6
7095,BJRI,"[bj,s,restaurants,inc]","[bj,s,restaurants,inc,common,stock]","BJ's Restaurants, Inc",BJ's Restaurants Inc. Common Stock,0.6666666666666666
10489,BHE,"[benchmark,electronics,inc]","[benchmark,electronics,inc,common,stock]","Benchmark Electronics, Inc.",Benchmark Electronics Inc. Common Stock,0.6
32338,BBWI,"[bath,body,works,brand,management,inc]","[bath,body,works,inc]","Bath & Body Works Brand Management, Inc.",Bath & Body Works Inc.,0.6666666666666666
6737,AEO,"[american,eagle,outfitters,inc]","[american,eagle,outfitters,inc,common,stock]","American Eagle Outfitters, Inc.",American Eagle Outfitters Inc. Common Stock,0.6666666666666666
10118,TXN,"[texas,instruments,incorporated]","[texas,instruments,incorporated,common,stock]",Texas Instruments Incorporated,Texas Instruments Incorporated Common Stock,0.6
17266,A,"[agilent,technologies,inc]","[agilent,technologies,inc,common,stock]","Agilent Technologies, Inc",Agilent Technologies Inc. Common Stock,0.6
25121,IBM,"[international,business,machines,corporation,ibm]","[international,business,machines,corporation,common,stock]",International Business Machines Corporation (IBM),International Business Machines Corporation Common Stock,0.5714285714285714
35968,SMP,"[standard,motor,products,inc]","[standard,motor,products,inc,common,stock]","Standard Motor Products, Inc.",Standard Motor Products Inc. Common Stock,0.6666666666666666
36421,LXRX,"[lexicon,pharmaceuticals,inc]","[lexicon,pharmaceuticals,inc,common,stock]","Lexicon Pharmaceuticals, Inc.",Lexicon Pharmaceuticals Inc. Common Stock,0.6
4921,DRI,"[darden,restaurants,inc]","[darden,restaurants,inc,common,stock]","Darden Restaurants, Inc. -",Darden Restaurants Inc. Common Stock,0.6
12018,DFS,"[discover,financial,services]","[discover,financial,services,common,stock]",Discover Financial Services,Discover Financial Services Common Stock,0.6
28263,VECO,"[veeco,instruments,inc]","[veeco,instruments,inc,common,stock]",Veeco Instruments Inc.,Veeco Instruments Inc. Common Stock,0.6
794,TRN,"[trinity,industries,inc]","[trinity,industries,inc,common,stock]","TRINITY INDUSTRIES, INC.",Trinity Industries Inc. Common Stock,0.6
9110,UEIC,"[universal,electronics,inc]","[universal,electronics,inc,common,stock]","Universal Electronics, Inc.",Universal Electronics Inc. Common Stock,0.6
1978,CRC,"[california,resources,corporation]","[california,resources,corporation,common,stock]",California Resources Corporation,California Resources Corporation Common Stock,0.6
27314,FLWS,"[1,800,flowers,com,inc]","[1,800,flowers,com,inc,common,stock]","1-800-Flowers.com, Inc.",1-800-FLOWERS.COM Inc. Common Stock,0.7142857142857143
43941,TIL,"[instil,bio,inc]","[instil,bio,inc,common,stock]","Instil Bio, Inc.",Instil Bio Inc. Common Stock,0.6
7204,PAG,"[penske,automotive,group,inc]","[penske,automotive,group,inc,common,stock]","Penske Automotive Group, Inc.",Penske Automotive Group Inc. Common Stock,0.6666666666666666
11187,TTMI,"[ttm,technologies,inc]","[ttm,technologies,inc,common,stock]","TTM Technologies, Inc.",TTM Technologies Inc. Common Stock,0.6
38495,EA,"[electronic,arts,inc]","[electronic,arts,inc,common,stock]",Electronic Arts Inc,Electronic Arts Inc. Common Stock,0.6
41099,EL,"[the,estee,lauder,companies,inc]","[estee,lauder,companies,inc,the,common,stock]",The Estee Lauder Companies Inc.,Estee Lauder Companies Inc. (The) Common Stock,0.7142857142857143
8962,BZFDW,"[buzzfeed,inc]","[buzzfeed,inc,warrant]","Buzzfeed, Inc.",BuzzFeed Inc. Warrant,0.6666666666666666
40322,KDP,"[keurig,dr,pepper,inc]","[keurig,dr,pepper,inc,common,stock]",Keurig Dr Pepper Inc.,Keurig Dr Pepper Inc. Common Stock,0.6666666666666666
17827,ADM,"[adm,archer,daniels,midland,company]","[archer,daniels,midland,company,common,stock]",Adm/archer Daniels Midland Company,Archer-Daniels-Midland Company Common Stock,0.5714285714285714
37777,SXC,"[suncoke,energy,inc]","[suncoke,energy,inc,common,stock]","Suncoke Energy, Inc.",SunCoke Energy Inc. Common Stock,0.6
43553,BBWI,"[bath,and,body,works,direct,inc]","[bath,body,works,inc]","Bath and Body Works Direct, Inc",Bath & Body Works Inc.,0.6666666666666666
8417,MPAA,"[motorcar,parts,of,america,inc]","[motorcar,parts,of,america,inc,common,stock]","Motorcar Parts of America, Inc.",Motorcar Parts  of America Inc. Common Stock,0.7142857142857143
1787,WFC,"[wells,fargo,company]","[wells,fargo,company,common,stock]",Wells Fargo Company,Wells Fargo & Company Common Stock,0.6
19257,ONB,"[old,national,bancorp]","[old,national,bancorp,common,stock]",Old National Bancorp,Old National Bancorp Common Stock,0.6
5588,ODFL,"[old,dominion,freight,line,inc]","[old,dominion,freight,line,inc,common,stock]","Old Dominion Freight Line, Inc.",Old Dominion Freight Line Inc. Common Stock,0.7142857142857143
33618,BK,"[bank,of,new,york,mellon]","[the,bank,of,new,york,mellon,corporation,common,stock]",Bank of New York Mellon,The Bank of New York Mellon Corporation Common Stock,0.5555555555555556
10265,SP,"[sp,plus,corporation]","[sp,plus,corporation,common,stock]",SP Plus Corporation,SP Plus Corporation Common Stock,0.6
12169,CTG,"[computer,task,group,inc]","[computer,task,group,inc,common,stock]","Computer Task Group, Inc",Computer Task Group Inc. Common Stock,0.6666666666666666
8547,FIX,"[california,comfort,systems,usa,inc]","[comfort,systems,usa,inc,common,stock]","California Comfort Systems USA, Inc.",Comfort Systems USA Inc. Common Stock,0.5714285714285714
12603,NWPX,"[northwest,pipe,company]","[northwest,pipe,company,common,stock]",Northwest Pipe Company,Northwest Pipe Company Common Stock,0.6
41319,BK,"[bank,of,new,york,mellon]","[the,bank,of,new,york,mellon,corporation,common,stock]",Bank of New York Mellon,The Bank of New York Mellon Corporation Common Stock,0.5555555555555556
8623,DVAX,"[dynavax,technologies,corporation]","[dynavax,technologies,corporation,common,stock]",Dynavax Technologies Corporation,Dynavax Technologies Corporation Common Stock,0.6
2463,UBER,"[uber,technologies,inc]","[uber,technologies,inc,common,stock]","Uber Technologies, Inc.",Uber Technologies Inc. Common Stock,0.6
3320,ICPT,"[intercept,pharmaceuticals,inc]","[intercept,pharmaceuticals,inc,common,stock]","Intercept Pharmaceuticals, Inc.",Intercept Pharmaceuticals Inc. Common Stock,0.6
10570,GNW,"[genworth,financial,inc]","[genworth,financial,inc,common,stock]","Genworth Financial, Inc.",Genworth Financial Inc Common Stock,0.6
14841,BKD,"[brookdale,senior,living,inc]","[brookdale,senior,living,inc,common,stock]","Brookdale Senior Living, Inc",Brookdale Senior Living Inc. Common Stock,0.6666666666666666
25461,FL,"[foot,locker,retail,inc,office]","[foot,locker,inc]","Foot Locker Retail, Inc. Office",Foot Locker Inc.,0.6
26316,TMO,"[thermo,fisher,scientific,inc,metavac]","[thermo,fisher,scientific,inc,common,stock]",Thermo Fisher Scientific Inc./Metavac,Thermo Fisher Scientific Inc Common Stock,0.5714285714285714
31993,LOW,"[lowe,s,companies,inc]","[lowe,s,companies,inc,common,stock]","Lowe's Companies, Inc.",Lowe's Companies Inc. Common Stock,0.6666666666666666
38343,LFLY,"[leafly,holdings,inc]","[leafly,holdings,inc,common,stock]",Leafly Holdings Inc,Leafly Holdings Inc. Common Stock,0.6
3889,ADI,"[analog,devices,inc]","[analog,devices,inc,common,stock]","Analog Devices, Inc.",Analog Devices Inc. Common Stock,0.6
41213,HCSG,"[healthcare,services,group,inc]","[healthcare,services,group,inc,common,stock]","Healthcare Services Group, Inc.",Healthcare Services Group Inc. Common Stock,0.6666666666666666
9481,AME,"[ametek,inc]","[ametek,inc]",AMETEK Inc.,AMETEK Inc.,1.0
17983,DLA,"[delta,apparel,inc]","[delta,apparel,inc,common,stock]","Delta Apparel, Inc",Delta Apparel Inc. Common Stock,0.6
18157,PKG,"[packaging,corporation,of,america,pca]","[packaging,corporation,of,america,common,stock]",Packaging Corporation of America (PCA),Packaging Corporation of America Common Stock,0.5714285714285714
25326,BK,"[the,bank,of,new,york,mellon,distribution,services]","[the,bank,of,new,york,mellon,corporation,common,stock]",The Bank of New York Mellon - Distribution Services,The Bank of New York Mellon Corporation Common Stock,0.5454545454545454
29074,AB,"[alliancebernstein,l,p]","[alliancebernstein,holding,l,p,units]",AllianceBernstein L.P.,AllianceBernstein Holding L.P.  Units,0.6
22198,SAIC,"[science,applications,international,corporation]","[science,applications,international,corporation,common,stock]",Science Applications International Corporation,SCIENCE APPLICATIONS INTERNATIONAL CORPORATION Common Stock,0.6666666666666666
40010,MOH,"[molina,healthcare,inc]","[molina,healthcare,inc,common,stock]",Molina Healthcare Inc.,Molina Healthcare Inc Common Stock,0.6
1526,ORLY,"[o,reilly,automotive,inc]","[o,reilly,automotive,inc,common,stock]","O'Reilly Automotive, Inc.",O'Reilly Automotive Inc. Common Stock,0.6666666666666666
16498,WEN,"[the,wendy,s,company]","[wendy,s,company,the,common,stock]",The Wendy's Company,Wendy's Company (The) Common Stock,0.6666666666666666
2444,LYV,"[live,nation,entertainment,inc]","[live,nation,entertainment,inc,common,stock]",Live Nation Entertainment Inc.,Live Nation Entertainment Inc. Common Stock,0.6666666666666666
24812,AXL,"[american,axle,manufacturing,inc]","[american,axle,manufacturing,holdings,inc,common,stock]","American Axle & Manufacturing, Inc.",American Axle & Manufacturing Holdings Inc. Common Stock,0.5714285714285714
37658,RAIL,"[freightcar,america,inc]","[freightcar,america,inc,common,stock]","FreightCar America, Inc.",FreightCar America Inc. Common Stock,0.6
9935,HNST,"[the,honest,company,inc]","[the,honest,company,inc,common,stock]","The Honest Company, Inc.",The Honest Company Inc. Common Stock,0.6666666666666666
10301,ENPH,"[enphase,energy,inc]","[enphase,energy,inc,common,stock]","Enphase Energy, Inc.",Enphase Energy Inc. Common Stock,0.6
1732,AIG,"[american,international,group,inc]","[american,international,group,inc,new,common,stock]","American International Group, Inc",American International Group Inc. New Common Stock,0.5714285714285714
18440,ASRT,"[assertio,holdings,inc]","[assertio,holdings,inc,common,stock]","Assertio Holdings, Inc.",Assertio Holdings Inc. Common Stock,0.6
19002,X,"[united,states,steel,corporation]","[united,states,steel,corporation,common,stock]",United States Steel Corporation,United States Steel Corporation Common Stock,0.6666666666666666
24661,MTB,"[m,t,bank,corporation]","[m,t,bank,corporation,common,stock]",M&T Bank Corporation,M&T Bank Corporation Common Stock,0.6666666666666666
44356,BYD,"[boyd,gaming,corporation]","[boyd,gaming,corporation,common,stock]",Boyd Gaming Corporation,Boyd Gaming Corporation Common Stock,0.6
18507,PPG,"[ppg,industries,inc]","[ppg,industries,inc,common,stock]","PPG Industries, Inc.",PPG Industries Inc. Common Stock,0.6
39000,CVGI,"[commercial,vehicle,group,inc]","[commercial,vehicle,group,inc,common,stock]","Commercial Vehicle Group, Inc.",Commercial Vehicle Group Inc. Common Stock,0.6666666666666666
39544,FL,"[foot,locker,corporate,services,inc]","[foot,locker,inc]","Foot Locker Corporate Services, Inc.",Foot Locker Inc.,0.6
44263,SAVE,"[spirit,airlines,inc]","[spirit,airlines,inc,common,stock]","Spirit Airlines, Inc.",Spirit Airlines Inc. Common Stock,0.6
7287,KMB,"[kimberly,clark,corporation]","[kimberly,clark,corporation,common,stock]",Kimberly-Clark Corporation,Kimberly-Clark Corporation Common Stock,0.6
9613,TSN,"[tyson,foods,inc]","[tyson,foods,inc,common,stock]","Tyson Foods, Inc.",Tyson Foods Inc. Common Stock,0.6
10328,V,"[visa,inc]","[visa,inc]",Visa Inc.,Visa Inc.,1.0
1977,GILD,"[gilead,sciences,inc]","[gilead,sciences,inc,common,stock]","Gilead Sciences, Inc.",Gilead Sciences Inc. Common Stock,0.6
21799,WFC,"[wells,fargo,company]","[wells,fargo,company,common,stock]",Wells Fargo & Company.,Wells Fargo & Company Common Stock,0.6
15410,TRN,"[trinity,industries,inc]","[trinity,industries,inc,common,stock]",Trinity Industries Inc.,Trinity Industries Inc. Common Stock,0.6
16121,CRD/A,"[crawford,and,company]","[crawford,company]",Crawford and Company,Crawford & Company,0.6666666666666666
32341,BBWI,"[bath,body,works,llc]","[bath,body,works,inc]","Bath & Body Works, LLC",Bath & Body Works Inc.,0.6
11597,AMD,"[advanced,micro,devices,inc]","[advanced,micro,devices,inc,common,stock]","Advanced Micro Devices, Inc.",Advanced Micro Devices Inc. Common Stock,0.6666666666666666
395,AWI,"[armstrong,world,industries,inc,3]","[armstrong,world,industries,inc,common,stock]","ARMSTRONG WORLD INDUSTRIES, INC. (3)",Armstrong World Industries Inc Common Stock,0.5714285714285714
5874,DKS,"[dick,rsquo,s,sporting,goods,inc]","[dick,s,sporting,goods,inc,common,stock]","Dick&rsquo;s Sporting Goods, Inc.",Dick's Sporting Goods Inc Common Stock,0.625
18834,AVY,"[avery,dennison,corporation]","[avery,dennison,corporation,common,stock]",Avery Dennison Corporation,Avery Dennison Corporation Common Stock,0.6
44312,MGM,"[mgm,resorts,international]","[mgm,resorts,international,common,stock]",MGM Resorts International,MGM Resorts International Common Stock,0.6
9800,BBW,"[build,a,bear,workshop,inc]","[build,a,bear,workshop,inc,common,stock]",Build-A-Bear Workshop Inc.,Build-A-Bear Workshop Inc. Common Stock,0.7142857142857143
41213,AMN,"[healthcare,services,group,inc]","[amn,healthcare,services,inc,amn,healthcare,services,inc]","Healthcare Services Group, Inc.",AMN Healthcare Services Inc AMN Healthcare Services Inc,0.6
17726,HVT,"[haverty,furniture,companies,inc]","[haverty,furniture,companies,inc,common,stock]","Haverty Furniture Companies, Inc.",Haverty Furniture Companies Inc. Common Stock,0.6666666666666666
5006,PKG,"[packaging,corporation,of,america]","[packaging,corporation,of,america,common,stock]",Packaging Corporation of America,Packaging Corporation of America Common Stock,0.6666666666666666
17267,A,"[agilent,technologies,inc]","[agilent,technologies,inc,common,stock]","Agilent Technologies, Inc.",Agilent Technologies Inc. Common Stock,0.6
20136,DGLY,"[digital,ally,inc]","[digital,ally,inc,common,stock]","Digital Ally, Inc.",Digital Ally Inc. Common Stock,0.6
24921,JPM,"[jp,morgan,chase,co]","[jp,morgan,chase,co,common,stock]",JP Morgan Chase Co.,JP Morgan Chase & Co. Common Stock,0.6666666666666666
42688,HRTX,"[heron,therapeutics,inc]","[heron,therapeutics,inc,common,stock]","Heron Therapeutics, Inc.",Heron Therapeutics Inc. Common Stock,0.6
42853,PBI,"[pitney,bowes,inc]","[pitney,bowes,inc,common,stock]",Pitney Bowes Inc.,Pitney Bowes Inc. Common Stock,0.6
503,THG,"[vesta,insurance,group,inc]","[hanover,insurance,group,inc]","VESTA INSURANCE GROUP, INC.",Hanover Insurance Group Inc,0.6
12872,LNC,"[lincoln,national,corporation]","[lincoln,national,corporation,common,stock]",Lincoln National Corporation,Lincoln National Corporation Common Stock,0.6
22331,HPE,"[hewlett,packard,enterprise,company,hpe]","[hewlett,packard,enterprise,company,common,stock]",Hewlett Packard Enterprise Company (HPE),Hewlett Packard Enterprise Company Common Stock,0.5714285714285714
3340,LYV,"[live,nation,entertainment,inc,rsquo]","[live,nation,entertainment,inc,common,stock]","Live Nation Entertainment, Inc.&rsquo;",Live Nation Entertainment Inc. Common Stock,0.5714285714285714
22347,BBBY,"[bed,bath,beyond,inc]","[bed,bath,beyond,inc,common,stock]",Bed Bath & Beyond Inc.,Bed Bath & Beyond Inc. Common Stock,0.6666666666666666
43242,BMRN,"[biomarin,pharmaceutical,inc]","[biomarin,pharmaceutical,inc,common,stock]",BioMarin Pharmaceutical Inc.,BioMarin Pharmaceutical Inc. Common Stock,0.6
1634,WFC,"[wells,fargo,company]","[wells,fargo,company,common,stock]",Wells Fargo & Company,Wells Fargo & Company Common Stock,0.6
19419,LLY,"[eli,lilly,and,company]","[eli,lilly,and,company,common,stock]",Eli Lilly and Company,Eli Lilly and Company Common Stock,0.6666666666666666
7996,PBI,"[pitney,bowes,inc]","[pitney,bowes,inc,common,stock]",Pitney Bowes Inc,Pitney Bowes Inc. Common Stock,0.6
36631,DVN,"[devon,energy,corporation]","[devon,energy,corporation,common,stock]",Devon Energy Corporation,Devon Energy Corporation Common Stock,0.6
7079,BJRI,"[bj,s,restaurants,inc]","[bj,s,restaurants,inc,common,stock]",BJ's Restaurants Inc.,BJ's Restaurants Inc. Common Stock,0.6666666666666666
18831,COKE,"[coca,cola,consolidated,inc]","[coca,cola,consolidated,inc,common,stock]","Coca-Cola Consolidated, Inc.",Coca-Cola Consolidated Inc. Common Stock,0.6666666666666666
27562,BK,"[the,bank,of,new,york,mellon]","[the,bank,of,new,york,mellon,corporation,common,stock]",The Bank of New York Mellon,The Bank of New York Mellon Corporation Common Stock,0.6666666666666666
769,LPX,"[louisiana,pacific,corporation]","[louisiana,pacific,corporation,common,stock]",LOUISIANA PACIFIC CORPORATION,Louisiana-Pacific Corporation Common Stock,0.6
19459,BMY,"[bristol,myers,squibb,company]","[bristol,myers,squibb,company,common,stock]",Bristol-Myers Squibb Company,Bristol-Myers Squibb Company Common Stock,0.6666666666666666
2978,ROST,"[ross,stores,inc]","[ross,stores,inc,common,stock]","Ross Stores, Inc",Ross Stores Inc. Common Stock,0.6
3705,DRI,"[darden,restaurants,inc]","[darden,restaurants,inc,common,stock]","Darden Restaurants, Inc.",Darden Restaurants Inc. Common Stock,0.6
39485,SWN,"[southwestern,energy,company]","[southwestern,energy,company,common,stock]",Southwestern Energy Company,Southwestern Energy Company Common Stock,0.6
528,NOC,"[northrop,grumman,corporation]","[northrop,grumman,corporation,common,stock]",NORTHROP GRUMMAN CORPORATION,Northrop Grumman Corporation Common Stock,0.6
6496,IMH,"[impac,mortgage,holdings,inc]","[impac,mortgage,holdings,inc,common,stock]",Impac Mortgage Holdings Inc,Impac Mortgage Holdings Inc. Common Stock,0.6666666666666666
8370,EXTR,"[extreme,networks,inc]","[extreme,networks,inc,common,stock]","Extreme Networks, Inc.",Extreme Networks Inc. Common Stock,0.6
5428,VIEWW,"[view,inc]","[view,inc,warrant]",View Inc,View Inc. Warrant,0.6666666666666666
8777,MOH,"[molina,healthcare,inc]","[molina,healthcare,inc,common,stock]","Molina Healthcare, Inc.",Molina Healthcare Inc Common Stock,0.6
16021,CRD/A,"[crawford,company]","[crawford,company]",Crawford & Company,Crawford & Company,1.0
40201,HAIN,"[the,hain,celestial,group,inc]","[hain,celestial,group,inc,the,common,stock]","The Hain Celestial Group, Inc",Hain Celestial Group Inc. (The) Common Stock,0.7142857142857143
818,IP,"[international,paper,company]","[international,paper,company,common,stock]",INTERNATIONAL PAPER COMPANY,International Paper Company Common Stock,0.6
11047,PH,"[parker,hannifin,corporation]","[parker,hannifin,corporation,common,stock]",Parker Hannifin Corporation,Parker-Hannifin Corporation Common Stock,0.6
1869,M,"[macy,s,inc]","[macy,s,inc,common,stock]",Macy's Inc.,Macy's Inc Common Stock,0.6
28235,CC,"[the,chemours,company]","[chemours,company,the,common,stock]",The Chemours Company,Chemours Company (The) Common Stock,0.6
33073,M,"[macy,s,inc]","[macy,s,inc,common,stock]",Macy's Inc,Macy's Inc Common Stock,0.6
807,LPX,"[louisiana,pacific,corporation]","[louisiana,pacific,corporation,common,stock]",LOUISIANA- PACIFIC CORPORATION,Louisiana-Pacific Corporation Common Stock,0.6
30614,FIX,"[comfort,systems,usa,inc,syracuse]","[comfort,systems,usa,inc,common,stock]","Comfort Systems USA, Inc. (Syracuse)",Comfort Systems USA Inc. Common Stock,0.5714285714285714
35421,JPM,"[jp,morgan,chase,co]","[jp,morgan,chase,co,common,stock]",JP Morgan Chase & Co.,JP Morgan Chase & Co. Common Stock,0.6666666666666666
16121,CRD/B,"[crawford,and,company]","[crawford,company]",Crawford and Company,Crawford & Company,0.6666666666666666
3062,ADM,"[archer,daniels,midland,company,adm]","[archer,daniels,midland,company,common,stock]",Archer-Daniels-Midland Company (ADM),Archer-Daniels-Midland Company Common Stock,0.5714285714285714
322,NSC,"[norfolk,southern,corporation]","[norfolk,southern,corporation,common,stock]",NORFOLK SOUTHERN CORPORATION,Norfolk Southern Corporation Common Stock,0.6
42758,ATRA,"[atara,biotherapeutics,inc]","[atara,biotherapeutics,inc,common,stock]","Atara Biotherapeutics, Inc.",Atara Biotherapeutics Inc. Common Stock,0.6
30496,GT,"[the,goodyear,tire,rubber,company]","[the,goodyear,tire,rubber,company,common,stock]",The Goodyear Tire & Rubber Company,The Goodyear Tire & Rubber Company Common Stock,0.7142857142857143
42677,HLTH,"[cue,health,inc]","[cue,health,inc,common,stock]",Cue Health Inc.,Cue Health Inc. Common Stock,0.6
43409,ADVM,"[adverum,biotechnologies,inc]","[adverum,biotechnologies,inc,common,stock]","Adverum Biotechnologies, Inc.",Adverum Biotechnologies Inc. Common Stock,0.6
5360,ROST,"[ross,stores,inc]","[ross,stores,inc,common,stock]","Ross Stores, Inc.",Ross Stores Inc. Common Stock,0.6
5542,AMWD,"[american,woodmark,corporation]","[american,woodmark,corporation,common,stock]",American Woodmark Corporation,American Woodmark Corporation Common Stock,0.6
16852,MHK,"[mohawk,industries,inc]","[mohawk,industries,inc,common,stock]","Mohawk Industries,inc.",Mohawk Industries Inc. Common Stock,0.6
25279,BK,"[the,bank,of,new,york,mellon,cdo,unit]","[the,bank,of,new,york,mellon,corporation,common,stock]",The Bank of New York Mellon (CDO Unit),The Bank of New York Mellon Corporation Common Stock,0.5454545454545454
43376,TLIS,"[talis,biomedical,corporation]","[talis,biomedical,corporation,common,stock]",Talis Biomedical Corporation,Talis Biomedical Corporation Common Stock,0.6
44098,FL,"[foot,locker,inc]","[foot,locker,inc]","Foot Locker, Inc.",Foot Locker Inc.,1.0
16304,DKS,"[dick,s,sporting,goods]","[dick,s,sporting,goods,inc,common,stock]",Dick's Sporting Goods,Dick's Sporting Goods Inc Common Stock,0.5714285714285714
20534,ADM,"[archer,daniels,midland,company]","[archer,daniels,midland,company,common,stock]",Archer Daniels Midland Company,Archer-Daniels-Midland Company Common Stock,0.6666666666666666
2169,GE,"[general,electric,company]","[general,electric,company,common,stock]",General Electric Company,General Electric Company Common Stock,0.6
37996,PBI,"[pitney,bowes,inc]","[pitney,bowes,inc,common,stock]","Pitney Bowes, Inc",Pitney Bowes Inc. Common Stock,0.6
31960,TOL,"[toll,brothers,inc]","[toll,brothers,inc,common,stock]",Toll Brothers Inc,Toll Brothers Inc. Common Stock,0.6
9073,KMI,"[kinder,morgan,inc]","[kinder,morgan,inc,common,stock]","Kinder Morgan, Inc.",Kinder Morgan Inc. Common Stock,0.6
13452,LYV,"[live,nation,entertainment,inc]","[live,nation,entertainment,inc,common,stock]","Live Nation Entertainment, Inc.",Live Nation Entertainment Inc. Common Stock,0.6666666666666666
237,TMO,"[thermo,fisher,scientific,inc]","[thermo,fisher,scientific,inc,common,stock]","THERMO FISHER SCIENTIFIC, INC.",Thermo Fisher Scientific Inc Common Stock,0.6666666666666666
37855,NRG,"[nrg,energy,inc]","[nrg,energy,inc,common,stock]","NRG Energy, Inc.",NRG Energy Inc. Common Stock,0.6
41357,BK,"[bank,of,new,york,mellon,corporation]","[the,bank,of,new,york,mellon,corporation,common,stock]",BANK OF NEW YORK MELLON CORPORATION,The Bank of New York Mellon Corporation Common Stock,0.6666666666666666
42734,AFIB,"[acutus,medical,inc]","[acutus,medical,inc,common,stock]","Acutus Medical, Inc.",Acutus Medical Inc. Common Stock,0.6
8826,CRL,"[charles,river,laboratories,inc]","[charles,river,laboratories,international,inc,common,stock]","Charles River Laboratories, Inc.",Charles River Laboratories International Inc. Common Stock,0.5714285714285714
39818,AMN,"[knueppel,healthcare,services,inc]","[amn,healthcare,services,inc,amn,healthcare,services,inc]",Knueppel Healthcare Services Inc.,AMN Healthcare Services Inc AMN Healthcare Services Inc,0.6
5429,VIEWW,"[view,inc]","[view,inc,warrant]","View, Inc.",View Inc. Warrant,0.6666666666666666
5875,DKS,"[dick,s,sporting,goods,inc]","[dick,s,sporting,goods,inc,common,stock]","Dick's Sporting Goods, Inc",Dick's Sporting Goods Inc Common Stock,0.7142857142857143
16021,CRD/B,"[crawford,company]","[crawford,company]",Crawford & Company,Crawford & Company,1.0
2871,LYV,"[live,nation,entertainment,inc]","[live,nation,entertainment,inc,common,stock]",Live Nation Entertainment Inc,Live Nation Entertainment Inc. Common Stock,0.6666666666666666
4861,SGC,"[superior,group,of,companies,inc]","[superior,group,of,companies,inc,common,stock]","Superior Group of Companies, Inc.",Superior Group of Companies Inc. Common Stock,0.7142857142857143
11654,EA,"[electronic,arts,inc]","[electronic,arts,inc,common,stock]",Electronic Arts Inc.,Electronic Arts Inc. Common Stock,0.6
18346,JJSF,"[j,j,snack,foods,sales,corp]","[j,j,snack,foods,corp,common,stock]",J & J Snack Foods Sales Corp.,J & J Snack Foods Corp. Common Stock,0.5714285714285714
22850,CBRL,"[cracker,barrel,old,country,store]","[cracker,barrel,old,country,store,inc,common,stock]",Cracker Barrel Old Country Store,Cracker Barrel Old Country Store Inc Common Stock,0.625
21895,GPN,"[global,payments,inc]","[global,payments,inc,common,stock]","Global Payments, Inc.",Global Payments Inc. Common Stock,0.6
24636,FA,"[first,advantage,corporation]","[first,advantage,corporation,common,stock]",First Advantage Corporation,First Advantage Corporation Common Stock,0.6
6907,PLCE,"[the,children,s,place,inc]","[children,s,place,inc,the,common,stock]","THE CHILDREN'S PLACE, INC",Children's Place Inc. (The) Common Stock,0.7142857142857143
7370,CAKE,"[the,cheesecake,factory,bakery,incorporated]","[cheesecake,factory,incorporated,the,common,stock]",The Cheesecake Factory Bakery Incorporated,Cheesecake Factory Incorporated (The) Common Stock,0.5714285714285714
9168,JACK,"[jack,in,the,box,inc]","[jack,in,the,box,inc,common,stock]",Jack in the Box Inc.,Jack In The Box Inc. Common Stock,0.7142857142857143
17593,GT,"[goodyear,tire,rubber,company]","[the,goodyear,tire,rubber,company,common,stock]",Goodyear Tire & Rubber Company,The Goodyear Tire & Rubber Company Common Stock,0.5714285714285714
39614,REVG,"[rev,group,inc]","[rev,group,inc,common,stock]",Rev Group Inc,REV Group Inc. Common Stock,0.6
9352,SJM,"[the,j,m,smucker,company]","[j,m,smucker,company,the,new,common,stock]",The J.M. Smucker Company,J.M. Smucker Company (The) New Common Stock,0.625
12585,VIAV,"[viavi,solutions,inc]","[viavi,solutions,inc,common,stock]",Viavi Solutions Inc.,Viavi Solutions Inc. Common Stock,0.6
12869,ARW,"[arrow,electronics,inc]","[arrow,electronics,inc,common,stock]","Arrow Electronics, Inc.",Arrow Electronics Inc. Common Stock,0.6
2189,DGX,"[quest,diagnostics,incorporated]","[quest,diagnostics,incorporated,common,stock]",Quest Diagnostics Incorporated,Quest Diagnostics Incorporated Common Stock,0.6
24371,PLCE,"[the,children,s,place]","[children,s,place,inc,the,common,stock]",The Children's Place,Children's Place Inc. (The) Common Stock,0.5714285714285714
40147,GILD,"[gilead,sciences,inc]","[gilead,sciences,inc,common,stock]","Gilead Sciences, Inc",Gilead Sciences Inc. Common Stock,0.6
43396,CTMX,"[cytomx,therapeutics,inc]","[cytomx,therapeutics,inc,common,stock]",CytomX Therapeutics Inc.,CytomX Therapeutics Inc. Common Stock,0.6
7492,CAKE,"[the,cheesecake,factory,incorporated]","[cheesecake,factory,incorporated,the,common,stock]",The Cheesecake Factory Incorporated,Cheesecake Factory Incorporated (The) Common Stock,0.6666666666666666
43977,CSGP,"[costar,group,inc]","[costar,group,inc,common,stock]","CoStar Group, Inc.",CoStar Group Inc. Common Stock,0.6
44137,SQZ,"[sqz,biotechnologies,company]","[sqz,biotechnologies,company,common,stock]",SQZ Biotechnologies Company,SQZ Biotechnologies Company Common Stock,0.6
29114,LYTS,"[lsi,industries,inc]","[lsi,industries,inc,common,stock]","LSI Industries, Inc.",LSI Industries Inc. Common Stock,0.6
10357,ALK,"[alaska,air,group,inc]","[alaska,air,group,inc,common,stock]","Alaska Air Group, Inc.",Alaska Air Group Inc. Common Stock,0.6666666666666666
35361,RCM,"[r1,rcm,inc]","[r1,rcm,inc,common,stock]",R1 RCM Inc.,R1 RCM Inc. Common Stock,0.6
5485,RWT,"[redwood,trust,inc]","[redwood,trust,inc,common,stock]",Redwood Trust Inc,Redwood Trust Inc. Common Stock,0.6
22467,DXLG,"[destination,xl,group,inc]","[destination,xl,group,inc,common,stock]","Destination XL Group, Inc.",Destination XL Group Inc. Common Stock,0.6666666666666666
41112,BMY,"[bristol,myers,squibb,company]","[bristol,myers,squibb,company,common,stock]",Bristol Myers Squibb Company,Bristol-Myers Squibb Company Common Stock,0.6666666666666666
8647,FLXS,"[flexsteel,industries,inc]","[flexsteel,industries,inc,common,stock]","Flexsteel Industries, Inc.",Flexsteel Industries Inc. Common Stock,0.6
253,DDS,"[dillard,s,inc]","[dillard,s,inc,common,stock]","DILLARD'S, INC.",Dillard's Inc. Common Stock,0.6
299,LMT,"[lockheed,martin,corporation]","[lockheed,martin,corporation,common,stock]",LOCKHEED MARTIN CORPORATION,Lockheed Martin Corporation Common Stock,0.6
33463,CVGI,"[commercial,vehicle,group,inc]","[commercial,vehicle,group,inc,common,stock]",Commercial Vehicle Group Inc.,Commercial Vehicle Group Inc. Common Stock,0.6666666666666666
10634,TSN,"[tyson,foods,inc]","[tyson,foods,inc,common,stock]",Tyson Foods Inc.,Tyson Foods Inc. Common Stock,0.6
335,X,"[united,states,steel,corporation]","[united,states,steel,corporation,common,stock]",UNITED STATES STEEL CORPORATION,United States Steel Corporation Common Stock,0.6666666666666666
37696,GNW,"[genworth,financial,inc]","[genworth,financial,inc,common,stock]",Genworth Financial Inc.,Genworth Financial Inc Common Stock,0.6
11937,LAUR,"[laureate,education,inc]","[laureate,education,inc,common,stock]",Laureate Education Inc,Laureate Education Inc. Common Stock,0.6
19296,IP,"[international,paper,company]","[international,paper,company,common,stock]",International Paper Company,International Paper Company Common Stock,0.6
39682,FL,"[foot,locker]","[foot,locker,inc]",Foot Locker,Foot Locker Inc.,0.6666666666666666
43676,MMSI,"[merit,medical,systems,inc]","[merit,medical,systems,inc,common,stock]","Merit Medical Systems, Inc.",Merit Medical Systems Inc. Common Stock,0.6666666666666666
5597,JAKK,"[jakks,pacific,inc]","[jakks,pacific,inc,common,stock]","JAKKS Pacific, Inc.",JAKKS Pacific Inc. Common Stock,0.6
31580,SWK,"[stanley,black,decker,inc]","[stanley,black,decker,inc,common,stock]","Stanley Black & Decker, Inc.",Stanley Black & Decker Inc. Common Stock,0.6666666666666666
32795,CHK,"[chesapeake,energy,corporation]","[chesapeake,energy,corporation,common,stock]",Chesapeake Energy Corporation,Chesapeake Energy Corporation Common Stock,0.6
29072,MTSI,"[macom,technology,solutions,inc]","[macom,technology,solutions,holdings,inc,common,stock]",MACOM Technology Solutions Inc.,MACOM Technology Solutions Holdings Inc. Common Stock,0.5714285714285714
6982,BJRI,"[bj,s,restaurants,inc]","[bj,s,restaurants,inc,common,stock]","BJ's Restaurants, Inc.",BJ's Restaurants Inc. Common Stock,0.6666666666666666
90,T,"[at,t]","[at,t,inc]",AT&T,AT&T Inc.,0.6666666666666666
40218,RL,"[ralph,lauren,corporation]","[ralph,lauren,corporation,common,stock]",Ralph Lauren Corporation,Ralph Lauren Corporation Common Stock,0.6
627,MHK,"[mohawk,industries,inc]","[mohawk,industries,inc,common,stock]","MOHAWK INDUSTRIES, INC.",Mohawk Industries Inc. Common Stock,0.6
1811,BSX,"[boston,scientific,corporation]","[boston,scientific,corporation,common,stock]",Boston Scientific Corporation,Boston Scientific Corporation Common Stock,0.6
22532,EMN,"[eastman,chemical,company]","[eastman,chemical,company,common,stock]",Eastman Chemical Company,Eastman Chemical Company Common Stock,0.6
39679,SND,"[smart,sand,inc]","[smart,sand,inc,common,stock]",Smart Sand Inc.,Smart Sand Inc. Common Stock,0.6
5707,DKS,"[dick,s,sporting,goods,inc]","[dick,s,sporting,goods,inc,common,stock]","Dick's Sporting Goods, Inc.",Dick's Sporting Goods Inc Common Stock,0.7142857142857143
36619,APD,"[air,products,and,chemicals,inc]","[air,products,and,chemicals,inc,common,stock]","Air Products and Chemicals, Inc.",Air Products and Chemicals Inc. Common Stock,0.7142857142857143
5923,DIN,"[dine,brands,global,inc]","[dine,brands,global,inc,common,stock]","Dine Brands Global, Inc.",Dine Brands Global Inc. Common Stock,0.6666666666666666
14604,LEG,"[leggett,platt,incorporated]","[leggett,platt,incorporated,common,stock]","Leggett & Platt, Incorporated",Leggett & Platt Incorporated Common Stock,0.6
18877,TOL,"[toll,brothers,inc]","[toll,brothers,inc,common,stock]","Toll Brothers, Inc.",Toll Brothers Inc. Common Stock,0.6
18902,X,"[united,states,steel,corporation]","[united,states,steel,corporation,common,stock]",United States Steel Corporation,United States Steel Corporation Common Stock,0.6666666666666666
26028,FLWS,"[1,800,flowers,com]","[1,800,flowers,com,inc,common,stock]",1-800 Flowers.com,1-800-FLOWERS.COM Inc. Common Stock,0.5714285714285714
16636,BK,"[bny,mellon,the,bank,of,new,york,mellon]","[the,bank,of,new,york,mellon,corporation,common,stock]",Bny Mellon (the Bank Of New York Mellon),The Bank of New York Mellon Corporation Common Stock,0.6
20568,DDS,"[dillard,s,inc]","[dillard,s,inc,common,stock]",Dillard's Inc.,Dillard's Inc. Common Stock,0.6
21757,SHW,"[the,sherwin,williams,company]","[sherwin,williams,company,the,common,stock]",The Sherwin-Williams Company,Sherwin-Williams Company (The) Common Stock,0.6666666666666666
26560,NATH,"[nathan,s,famous,inc]","[nathan,s,famous,inc,common,stock]","Nathan's Famous, Inc.",Nathan's Famous Inc. Common Stock,0.6666666666666666
8935,DECK,"[deckers,outdoor,corporation]","[deckers,outdoor,corporation,common,stock]",Deckers Outdoor Corporation,Deckers Outdoor Corporation Common Stock,0.6
14230,ABG,"[asbury,automotive,group,inc]","[asbury,automotive,group,inc,common,stock]","Asbury Automotive Group, Inc.",Asbury Automotive Group Inc Common Stock,0.6666666666666666
42527,AKBA,"[akebia,therapeutics,inc,akebia]","[akebia,therapeutics,inc,common,stock]","\"Akebia Therapeutics, Inc. (\"\"Akebia\"\")\"",Akebia Therapeutics Inc. Common Stock,0.6
1023,LYV,"[live,nation,entertainment,inc]","[live,nation,entertainment,inc,common,stock]","Live Nation Entertainment, Inc.",Live Nation Entertainment Inc. Common Stock,0.6666666666666666
11836,HRL,"[hormel,foods,corporation]","[hormel,foods,corporation,common,stock]",HORMEL FOODS CORPORATION,Hormel Foods Corporation Common Stock,0.6
3582,RHI,"[robert,half,international,inc]","[robert,half,international,inc,common,stock]",Robert Half International Inc.,Robert Half International Inc. Common Stock,0.6666666666666666
13637,EXPE,"[expedia,group,inc]","[expedia,group,inc,common,stock]","Expedia Group, Inc.",Expedia Group Inc. Common Stock,0.6
20931,BLMN,"[bloomin,brands,inc]","[bloomin,brands,inc,common,stock]",Bloomin' Brands Inc.,Bloomin' Brands Inc. Common Stock,0.6
8477,ICUI,"[icu,medical,inc]","[icu,medical,inc,common,stock]","ICU Medical, Inc",ICU Medical Inc. Common Stock,0.6
